H37Rv	L4	natural	01_R1134_L4	L4	natural	4411532	4388311	4406184	4391395
H37Rv	L4	natural	01_R1430_L4	L4	natural	4411532	4388800	4409225	4393782
H37Rv	L4	natural	02_R0894_L4	L4	natural	4411532	4385928	4422503	4398615
H37Rv	L4	natural	02_R1179_L4	L4	natural	4411532	4381269	4393775	4379904
H37Rv	L4	natural	02_R1708_L4	L4	natural	4411532	4390363	4427007	4403119
H37Rv	L4	natural	02_R1896_L4	L4	natural	4411532	4388385	4407304	4393833
H37Rv	L4	natural	I0004290_8_L4	L4	natural	4411532	4387648	4420979	4401375
H37Rv	L4	natural	M0010874_7_L4	L4	natural	4411532	4373586	4396361	4376090
H37Rv	L4	natural	M0011368_9_L4	L4	natural	4411532	4383405	4397821	4383174
H37Rv	L4	natural	M0014888_3_L4	L4	natural	4411532	4377858	4400005	4379350
H37Rv	L4	natural	M0016737_0_L4	L4	natural	4411532	4399735	4431508	4410124
H37Rv	L4	natural	M0017522_5_L4	L4	natural	4411532	4391715	4416715	4394417
H37Rv	L4	natural	Erdman_L4	L4	natural	4411532	4368736	4392353	4372753
H37Rv	L4	natural	F1_L4	L4	natural	4411532	4392364	4424435	4405655
H37Rv	L4	natural	CDC1551_L4	L4	natural	4411532	4387228	4406808	4383792
H37Rv	L4	natural	FDAARGOS_751_L1	L1	natural	4411532	4390514	4441988	4408997
H37Rv	L4	natural	MTBCR170001_L1	L1	natural	4411532	4380537	4424759	4389961
H37Rv	L4	natural	MTBCR170020_L1	L1	natural	4411532	4388978	4442985	4409290
H37Rv	L4	natural	W-148_L2	L2	natural	4411532	4371835	4418548	4398176
H37Rv	L4	natural	TCDC10_L2	L2	natural	4411532	4366130	4419577	4390805
H37Rv	L4	natural	TCDC11_L2	L2	natural	4411532	4370131	4418417	4397907
H37Rv	L4	natural	TCDC7_L2	L2	natural	4411532	4369111	4641184	4611158
H37Rv	L4	natural	BCG_Pasteur_bovis	bovis	natural	4411532	4280716	4374522	4348298
H37Rv	L4	natural	L5_Benin_L5	L5	natural	4411532	4381686	4438262	4404093
H37Rv	L4	natural	18b_mutated_1_L2	L2	snpmutator	4411532	4368318	4411953	4382859
H37Rv	L4	natural	18b_mutated_2_L2	L2	snpmutator	4411532	4368329	4411953	4381482
H37Rv	L4	natural	18b_mutated_3_L2	L2	snpmutator	4411532	4368329	4411953	4382850
H37Rv	L4	natural	18b_mutated_4_L2	L2	snpmutator	4411532	4368329	4411953	4382785
H37Rv	L4	natural	18b_mutated_5_L2	L2	snpmutator	4411532	4368329	4411953	4382788
H37Rv	L4	natural	18b_mutated_6_L2	L2	snpmutator	4411532	4368399	4411953	4382838
H37Rv	L4	natural	18b_mutated_7_L2	L2	snpmutator	4411532	4368342	4411953	4381402
H37Rv	L4	natural	18b_mutated_8_L2	L2	snpmutator	4411532	4368329	4411953	4382838
H37Rv	L4	natural	18b_mutated_9_L2	L2	snpmutator	4411532	4368343	4411953	4382838
H37Rv	L4	natural	18b_mutated_10_L2	L2	snpmutator	4411532	4368327	4411953	4382785
H37Rv	L4	natural	18b_mutated_11_L2	L2	snpmutator	4411532	4368329	4411953	4382661
H37Rv	L4	natural	18b_mutated_12_L2	L2	snpmutator	4411532	4368327	4411953	4382785
H37Rv	L4	natural	18b_mutated_13_L2	L2	snpmutator	4411532	4368329	4411953	4383199
H37Rv	L4	natural	18b_mutated_14_L2	L2	snpmutator	4411532	4366974	4411953	4382785
H37Rv	L4	natural	18b_mutated_15_L2	L2	snpmutator	4411532	4368329	4411953	4382785
H37Rv	L4	natural	18b_mutated_16_L2	L2	snpmutator	4411532	4368326	4411953	4382832
H37Rv	L4	natural	18b_mutated_17_L2	L2	snpmutator	4411532	4368329	4411953	4382838
H37Rv	L4	natural	18b_mutated_18_L2	L2	snpmutator	4411532	4366974	4411953	4382785
H37Rv	L4	natural	18b_mutated_19_L2	L2	snpmutator	4411532	4368329	4411953	4382728
H37Rv	L4	natural	18b_mutated_20_L2	L2	snpmutator	4411532	4368329	4411953	4382726
H37Rv	L4	natural	18b_mutated_21_L2	L2	snpmutator	4411532	4368329	4411953	4382838
H37Rv	L4	natural	18b_mutated_22_L2	L2	snpmutator	4411532	4368327	4411953	4382838
H37Rv	L4	natural	18b_mutated_23_L2	L2	snpmutator	4411532	4368329	4411953	4382838
H37Rv	L4	natural	18b_mutated_24_L2	L2	snpmutator	4411532	4368329	4411953	4382838
H37Rv	L4	natural	18b_mutated_25_L2	L2	snpmutator	4411532	4368341	4411953	4382854
H37Rv	L4	natural	18b_mutated_26_L2	L2	snpmutator	4411532	4368830	4411953	4382726
H37Rv	L4	natural	18b_mutated_27_L2	L2	snpmutator	4411532	4368329	4411953	4382838
H37Rv	L4	natural	18b_mutated_28_L2	L2	snpmutator	4411532	4368318	4411953	4382780
H37Rv	L4	natural	18b_mutated_29_L2	L2	snpmutator	4411532	4368327	4411953	4382838
H37Rv	L4	natural	18b_mutated_30_L2	L2	snpmutator	4411532	4368329	4411953	4382838
H37Rv	L4	natural	AF2122-97_mutated_1_bovis	bovis	snpmutator	4411532	4319804	4345492	4319748
H37Rv	L4	natural	AF2122-97_mutated_2_bovis	bovis	snpmutator	4411532	4319915	4345492	4319779
H37Rv	L4	natural	AF2122-97_mutated_3_bovis	bovis	snpmutator	4411532	4319248	4345492	4319748
H37Rv	L4	natural	AF2122-97_mutated_4_bovis	bovis	snpmutator	4411532	4319881	4345492	4319748
H37Rv	L4	natural	AF2122-97_mutated_5_bovis	bovis	snpmutator	4411532	4319915	4345492	4319745
H37Rv	L4	natural	AF2122-97_mutated_6_bovis	bovis	snpmutator	4411532	4319804	4345492	4319738
H37Rv	L4	natural	AF2122-97_mutated_7_bovis	bovis	snpmutator	4411532	4319915	4345492	4319747
H37Rv	L4	natural	AF2122-97_mutated_8_bovis	bovis	snpmutator	4411532	4319761	4345492	4319747
H37Rv	L4	natural	AF2122-97_mutated_9_bovis	bovis	snpmutator	4411532	4319915	4345492	4319672
H37Rv	L4	natural	AF2122-97_mutated_10_bovis	bovis	snpmutator	4411532	4319915	4345492	4319758
H37Rv	L4	natural	AF2122-97_mutated_11_bovis	bovis	snpmutator	4411532	4319915	4345492	4319748
H37Rv	L4	natural	AF2122-97_mutated_12_bovis	bovis	snpmutator	4411532	4319684	4345492	4319790
H37Rv	L4	natural	AF2122-97_mutated_13_bovis	bovis	snpmutator	4411532	4319915	4345492	4319685
H37Rv	L4	natural	AF2122-97_mutated_14_bovis	bovis	snpmutator	4411532	4319760	4345492	4319748
H37Rv	L4	natural	AF2122-97_mutated_15_bovis	bovis	snpmutator	4411532	4319620	4345492	4319791
H37Rv	L4	natural	AF2122-97_mutated_16_bovis	bovis	snpmutator	4411532	4319915	4345492	4319791
H37Rv	L4	natural	AF2122-97_mutated_17_bovis	bovis	snpmutator	4411532	4319771	4345492	4319748
H37Rv	L4	natural	AF2122-97_mutated_18_bovis	bovis	snpmutator	4411532	4319915	4345492	4319748
H37Rv	L4	natural	AF2122-97_mutated_19_bovis	bovis	snpmutator	4411532	4319770	4345492	4319630
H37Rv	L4	natural	AF2122-97_mutated_20_bovis	bovis	snpmutator	4411532	4319841	4345492	4319748
H37Rv	L4	natural	AF2122-97_mutated_21_bovis	bovis	snpmutator	4411532	4319906	4345492	4319748
H37Rv	L4	natural	AF2122-97_mutated_22_bovis	bovis	snpmutator	4411532	4319771	4345492	4319792
H37Rv	L4	natural	AF2122-97_mutated_23_bovis	bovis	snpmutator	4411532	4319874	4345492	4319791
H37Rv	L4	natural	AF2122-97_mutated_24_bovis	bovis	snpmutator	4411532	4319791	4345492	4319718
H37Rv	L4	natural	AF2122-97_mutated_25_bovis	bovis	snpmutator	4411532	4319915	4345492	4319748
H37Rv	L4	natural	AF2122-97_mutated_26_bovis	bovis	snpmutator	4411532	4319915	4345492	4319748
H37Rv	L4	natural	AF2122-97_mutated_27_bovis	bovis	snpmutator	4411532	4319771	4345492	4319748
H37Rv	L4	natural	AF2122-97_mutated_28_bovis	bovis	snpmutator	4411532	4319933	4345492	4319748
H37Rv	L4	natural	AF2122-97_mutated_29_bovis	bovis	snpmutator	4411532	4318563	4345492	4319748
H37Rv	L4	natural	AF2122-97_mutated_30_bovis	bovis	snpmutator	4411532	4321270	4345492	4319748
H37Rv	L4	natural	H37Rv_mutated_1_L4	L4	snpmutator	4411532	4411532	4411532	4411532
H37Rv	L4	natural	H37Rv_mutated_2_L4	L4	snpmutator	4411532	4411532	4411532	4411532
H37Rv	L4	natural	H37Rv_mutated_3_L4	L4	snpmutator	4411532	4411532	4411532	4411532
H37Rv	L4	natural	H37Rv_mutated_4_L4	L4	snpmutator	4411532	4411532	4411532	4411532
H37Rv	L4	natural	H37Rv_mutated_5_L4	L4	snpmutator	4411532	4411532	4411532	4411532
H37Rv	L4	natural	H37Rv_mutated_6_L4	L4	snpmutator	4411532	4411532	4411532	4411532
H37Rv	L4	natural	H37Rv_mutated_7_L4	L4	snpmutator	4411532	4411532	4411532	4411532
H37Rv	L4	natural	H37Rv_mutated_8_L4	L4	snpmutator	4411532	4411532	4411532	4411532
H37Rv	L4	natural	H37Rv_mutated_9_L4	L4	snpmutator	4411532	4411532	4411532	4411532
H37Rv	L4	natural	H37Rv_mutated_10_L4	L4	snpmutator	4411532	4411532	4411532	4411532
H37Rv	L4	natural	H37Rv_mutated_11_L4	L4	snpmutator	4411532	4411532	4411532	4411532
H37Rv	L4	natural	H37Rv_mutated_12_L4	L4	snpmutator	4411532	4411532	4411532	4411532
H37Rv	L4	natural	H37Rv_mutated_13_L4	L4	snpmutator	4411532	4411532	4411532	4411532
H37Rv	L4	natural	H37Rv_mutated_14_L4	L4	snpmutator	4411532	4411532	4411532	4411532
H37Rv	L4	natural	H37Rv_mutated_15_L4	L4	snpmutator	4411532	4411532	4411532	4411532
H37Rv	L4	natural	H37Rv_mutated_16_L4	L4	snpmutator	4411532	4411532	4411532	4411532
H37Rv	L4	natural	H37Rv_mutated_17_L4	L4	snpmutator	4411532	4411532	4411532	4411532
H37Rv	L4	natural	H37Rv_mutated_18_L4	L4	snpmutator	4411532	4411532	4411532	4411532
H37Rv	L4	natural	H37Rv_mutated_19_L4	L4	snpmutator	4411532	4411532	4411532	4411532
H37Rv	L4	natural	H37Rv_mutated_20_L4	L4	snpmutator	4411532	4411532	4411532	4411532
H37Rv	L4	natural	H37Rv_mutated_21_L4	L4	snpmutator	4411532	4411532	4411532	4411532
H37Rv	L4	natural	H37Rv_mutated_22_L4	L4	snpmutator	4411532	4411532	4411532	4411532
H37Rv	L4	natural	H37Rv_mutated_23_L4	L4	snpmutator	4411532	4411532	4411532	4411532
H37Rv	L4	natural	H37Rv_mutated_24_L4	L4	snpmutator	4411532	4411532	4411532	4411532
H37Rv	L4	natural	H37Rv_mutated_25_L4	L4	snpmutator	4411532	4411532	4411532	4411532
H37Rv	L4	natural	H37Rv_mutated_26_L4	L4	snpmutator	4411532	4411532	4411532	4411532
H37Rv	L4	natural	H37Rv_mutated_27_L4	L4	snpmutator	4411532	4411532	4411532	4411532
H37Rv	L4	natural	H37Rv_mutated_28_L4	L4	snpmutator	4411532	4411532	4411532	4411532
H37Rv	L4	natural	H37Rv_mutated_29_L4	L4	snpmutator	4411532	4411532	4411532	4411532
H37Rv	L4	natural	H37Rv_mutated_30_L4	L4	snpmutator	4411532	4411532	4411532	4411532
H37Rv	L4	natural	SV1_pop1_H1_L4	L4	maketube	4411532	4398535	4576638	4538361
H37Rv	L4	natural	SV1_pop1_H10_L4	L4	maketube	4411532	4398535	4576621	4538346
H37Rv	L4	natural	SV1_pop1_H2_L4	L4	maketube	4411532	4398535	4576649	4538372
H37Rv	L4	natural	SV1_pop1_H3_L4	L4	maketube	4411532	4398535	4576642	4538365
H37Rv	L4	natural	SV1_pop1_H4_L4	L4	maketube	4411532	4398535	4576651	4538374
H37Rv	L4	natural	SV1_pop1_H5_L4	L4	maketube	4411532	4398535	4576629	4538347
H37Rv	L4	natural	SV1_pop1_H6_L4	L4	maketube	4411532	4398535	4576629	4538347
H37Rv	L4	natural	SV1_pop1_H7_L4	L4	maketube	4411532	4398535	4576628	4538352
H37Rv	L4	natural	SV1_pop1_H8_L4	L4	maketube	4411532	4398535	4576633	4538356
H37Rv	L4	natural	SV1_pop1_H9_L4	L4	maketube	4411532	4398535	4576629	4538352
H37Rv	L4	natural	SV2_pop1_H1_L4	L4	maketube	4411532	4390413	4562582	4536653
H37Rv	L4	natural	SV2_pop1_H10_L4	L4	maketube	4411532	4390413	4562585	4536656
H37Rv	L4	natural	SV2_pop1_H2_L4	L4	maketube	4411532	4390413	4562582	4536653
H37Rv	L4	natural	SV2_pop1_H3_L4	L4	maketube	4411532	4390413	4562587	4536657
H37Rv	L4	natural	SV2_pop1_H4_L4	L4	maketube	4411532	4390413	4562604	4536675
H37Rv	L4	natural	SV2_pop1_H5_L4	L4	maketube	4411532	4390413	4562572	4536643
H37Rv	L4	natural	SV2_pop1_H6_L4	L4	maketube	4411532	4390413	4562572	4536643
H37Rv	L4	natural	SV2_pop1_H7_L4	L4	maketube	4411532	4390413	4562578	4536648
H37Rv	L4	natural	SV2_pop1_H8_L4	L4	maketube	4411532	4390413	4562582	4536652
H37Rv	L4	natural	SV2_pop1_H9_L4	L4	maketube	4411532	4390413	4562566	4536637
H37Rv	L4	natural	SV3_pop1_H1_L4	L4	maketube	4411532	4387061	4584853	4533315
H37Rv	L4	natural	SV3_pop1_H10_L4	L4	maketube	4411532	4387061	4584801	4533264
H37Rv	L4	natural	SV3_pop1_H2_L4	L4	maketube	4411532	4387061	4584846	4533308
H37Rv	L4	natural	SV3_pop1_H3_L4	L4	maketube	4411532	4387061	4584845	4533308
H37Rv	L4	natural	SV3_pop1_H4_L4	L4	maketube	4411532	4387061	4584848	4533310
H37Rv	L4	natural	SV3_pop1_H5_L4	L4	maketube	4411532	4387061	4584832	4533294
H37Rv	L4	natural	SV3_pop1_H6_L4	L4	maketube	4411532	4387061	4584819	4533281
H37Rv	L4	natural	SV3_pop1_H7_L4	L4	maketube	4411532	4387061	4584835	4533297
H37Rv	L4	natural	SV3_pop1_H8_L4	L4	maketube	4411532	4387061	4584827	4533289
H37Rv	L4	natural	SV3_pop1_H9_L4	L4	maketube	4411532	4387061	4584816	4533279
H37Rv	L4	natural	SV1_pop1_H1_bovis	bovis	maketube	4411532	4306148	4517436	4453901
H37Rv	L4	natural	SV1_pop1_H10_bovis	bovis	maketube	4411532	4306148	4517463	4453929
H37Rv	L4	natural	SV1_pop1_H2_bovis	bovis	maketube	4411532	4306148	4517458	4453924
H37Rv	L4	natural	SV1_pop1_H3_bovis	bovis	maketube	4411532	4306148	4517479	4453945
H37Rv	L4	natural	SV1_pop1_H4_bovis	bovis	maketube	4411532	4306148	4517468	4453934
H37Rv	L4	natural	SV1_pop1_H5_bovis	bovis	maketube	4411532	4306148	4517470	4453936
H37Rv	L4	natural	SV1_pop1_H6_bovis	bovis	maketube	4411532	4306148	4517466	4453932
H37Rv	L4	natural	SV1_pop1_H7_bovis	bovis	maketube	4411532	4306148	4517466	4453932
H37Rv	L4	natural	SV1_pop1_H8_bovis	bovis	maketube	4411532	4306148	4517470	4453936
H37Rv	L4	natural	SV1_pop1_H9_bovis	bovis	maketube	4411532	4306148	4517474	4453940
H37Rv	L4	natural	SV2_pop1_H1_bovis	bovis	maketube	4411532	4310409	4513675	4461585
H37Rv	L4	natural	SV2_pop1_H10_bovis	bovis	maketube	4411532	4310409	4513686	4461454
H37Rv	L4	natural	SV2_pop1_H2_bovis	bovis	maketube	4411532	4310409	4513676	4461586
H37Rv	L4	natural	SV2_pop1_H3_bovis	bovis	maketube	4411532	4310409	4513673	4461583
H37Rv	L4	natural	SV2_pop1_H4_bovis	bovis	maketube	4411532	4310409	4513665	4461575
H37Rv	L4	natural	SV2_pop1_H5_bovis	bovis	maketube	4411532	4310409	4513681	4461591
H37Rv	L4	natural	SV2_pop1_H6_bovis	bovis	maketube	4411532	4310296	4513672	4461582
H37Rv	L4	natural	SV2_pop1_H7_bovis	bovis	maketube	4411532	4310409	4513684	4461596
H37Rv	L4	natural	SV2_pop1_H8_bovis	bovis	maketube	4411532	4310409	4513689	4461601
H37Rv	L4	natural	SV2_pop1_H9_bovis	bovis	maketube	4411532	4310409	4513687	4461599
H37Rv	L4	natural	SV3_pop1_H1_bovis	bovis	maketube	4411532	4304554	4510364	4451128
H37Rv	L4	natural	SV3_pop1_H10_bovis	bovis	maketube	4411532	4304666	4510346	4451122
H37Rv	L4	natural	SV3_pop1_H2_bovis	bovis	maketube	4411532	4304554	4510363	4451127
H37Rv	L4	natural	SV3_pop1_H3_bovis	bovis	maketube	4411532	4304554	4510359	4451123
H37Rv	L4	natural	SV3_pop1_H4_bovis	bovis	maketube	4411532	4304554	4510365	4451129
H37Rv	L4	natural	SV3_pop1_H5_bovis	bovis	maketube	4411532	4304554	4510360	4451124
H37Rv	L4	natural	SV3_pop1_H6_bovis	bovis	maketube	4411532	4304554	4510364	4451128
H37Rv	L4	natural	SV3_pop1_H7_bovis	bovis	maketube	4411532	4304554	4510352	4451114
H37Rv	L4	natural	SV3_pop1_H8_bovis	bovis	maketube	4411532	4304666	4510354	4451130
H37Rv	L4	natural	SV3_pop1_H9_bovis	bovis	maketube	4411532	4304666	4510356	4451132
H37Rv	L4	natural	SV1_pop1_H1_L2	L2	maketube	4411532	4350848	4582245	4513902
H37Rv	L4	natural	SV1_pop1_H10_L2	L2	maketube	4411532	4350848	4582225	4513733
H37Rv	L4	natural	SV1_pop1_H2_L2	L2	maketube	4411532	4350898	4582230	4513885
H37Rv	L4	natural	SV1_pop1_H3_L2	L2	maketube	4411532	4350898	4582232	4513887
H37Rv	L4	natural	SV1_pop1_H4_L2	L2	maketube	4411532	4350848	4582203	4513710
H37Rv	L4	natural	SV1_pop1_H5_L2	L2	maketube	4411532	4350848	4582209	4513752
H37Rv	L4	natural	SV1_pop1_H6_L2	L2	maketube	4411532	4350848	4582214	4513756
H37Rv	L4	natural	SV1_pop1_H7_L2	L2	maketube	4411532	4350848	4582234	4513776
H37Rv	L4	natural	SV1_pop1_H8_L2	L2	maketube	4411532	4350848	4582224	4513766
H37Rv	L4	natural	SV1_pop1_H9_L2	L2	maketube	4411532	4350848	4582223	4513765
H37Rv	L4	natural	SV2_pop1_H1_L2	L2	maketube	4411532	4346782	4582931	4509910
H37Rv	L4	natural	SV2_pop1_H10_L2	L2	maketube	4411532	4346782	4582998	4509973
H37Rv	L4	natural	SV2_pop1_H2_L2	L2	maketube	4411532	4346782	4582926	4509905
H37Rv	L4	natural	SV2_pop1_H3_L2	L2	maketube	4411532	4346782	4582962	4509941
H37Rv	L4	natural	SV2_pop1_H4_L2	L2	maketube	4411532	4346782	4582961	4509940
H37Rv	L4	natural	SV2_pop1_H5_L2	L2	maketube	4411532	4346782	4582958	4509937
H37Rv	L4	natural	SV2_pop1_H6_L2	L2	maketube	4411532	4346782	4582938	4509918
H37Rv	L4	natural	SV2_pop1_H7_L2	L2	maketube	4411532	4346782	4582946	4509928
H37Rv	L4	natural	SV2_pop1_H8_L2	L2	maketube	4411532	4346782	4582945	4509927
H37Rv	L4	natural	SV2_pop1_H9_L2	L2	maketube	4411532	4346782	4583001	4509976
H37Rv	L4	natural	SV3_pop1_H1_L2	L2	maketube	4411532	4350250	4571133	4513427
H37Rv	L4	natural	SV3_pop1_H10_L2	L2	maketube	4411532	4350300	4571142	4511971
H37Rv	L4	natural	SV3_pop1_H2_L2	L2	maketube	4411532	4350300	4571118	4513415
H37Rv	L4	natural	SV3_pop1_H3_L2	L2	maketube	4411532	4350300	4571138	4511967
H37Rv	L4	natural	SV3_pop1_H4_L2	L2	maketube	4411532	4350300	4571142	4511973
H37Rv	L4	natural	SV3_pop1_H5_L2	L2	maketube	4411532	4350300	4571145	4511974
H37Rv	L4	natural	SV3_pop1_H6_L2	L2	maketube	4411532	4350300	4571148	4511979
H37Rv	L4	natural	SV3_pop1_H7_L2	L2	maketube	4411532	4350300	4571133	4511962
H37Rv	L4	natural	SV3_pop1_H8_L2	L2	maketube	4411532	4350300	4571130	4511959
H37Rv	L4	natural	SV3_pop1_H9_L2	L2	maketube	4411532	4350300	4571127	4511956
18b	L2	natural	01_R1134_L4	L4	natural	4411953	4379735	4406184	4383874
18b	L2	natural	01_R1430_L4	L4	natural	4411953	4381087	4409225	4385583
18b	L2	natural	02_R0894_L4	L4	natural	4411953	4371128	4422503	4385597
18b	L2	natural	02_R1179_L4	L4	natural	4411953	4370256	4393775	4371075
18b	L2	natural	02_R1708_L4	L4	natural	4411953	4375766	4427007	4390100
18b	L2	natural	02_R1896_L4	L4	natural	4411953	4378105	4407304	4385345
18b	L2	natural	I0004290_8_L4	L4	natural	4411953	4382998	4420979	4390920
18b	L2	natural	M0010874_7_L4	L4	natural	4411953	4366443	4396361	4367321
18b	L2	natural	M0011368_9_L4	L4	natural	4411953	4379545	4397821	4379029
18b	L2	natural	M0014888_3_L4	L4	natural	4411953	4361431	4400005	4363879
18b	L2	natural	M0016737_0_L4	L4	natural	4411953	4385017	4431508	4394250
18b	L2	natural	M0017522_5_L4	L4	natural	4411953	4374918	4416715	4381788
18b	L2	natural	Erdman_L4	L4	natural	4411953	4360478	4392353	4360381
18b	L2	natural	F1_L4	L4	natural	4411953	4384533	4424435	4395355
18b	L2	natural	CDC1551_L4	L4	natural	4411953	4366795	4406808	4368657
18b	L2	natural	FDAARGOS_751_L1	L1	natural	4411953	4382998	4441988	4398226
18b	L2	natural	MTBCR170001_L1	L1	natural	4411953	4373009	4424759	4379691
18b	L2	natural	MTBCR170020_L1	L1	natural	4411953	4382962	4442985	4400449
18b	L2	natural	W-148_L2	L2	natural	4411953	4400012	4418548	4414641
18b	L2	natural	TCDC10_L2	L2	natural	4411953	4394463	4419577	4407631
18b	L2	natural	TCDC11_L2	L2	natural	4411953	4397994	4418417	4414501
18b	L2	natural	TCDC7_L2	L2	natural	4411953	4398045	4641184	4635234
18b	L2	natural	BCG_Pasteur_bovis	bovis	natural	4411953	4277899	4374522	4340803
18b	L2	natural	L5_Benin_L5	L5	natural	4411953	4378160	4438262	4395382
18b	L2	natural	18b_mutated_1_L2	L2	snpmutator	4411953	4404911	4411953	4404911
18b	L2	natural	18b_mutated_2_L2	L2	snpmutator	4411953	4404911	4411953	4404911
18b	L2	natural	18b_mutated_3_L2	L2	snpmutator	4411953	4404911	4411953	4404911
18b	L2	natural	18b_mutated_4_L2	L2	snpmutator	4411953	4404911	4411953	4404911
18b	L2	natural	18b_mutated_5_L2	L2	snpmutator	4411953	4404911	4411953	4404911
18b	L2	natural	18b_mutated_6_L2	L2	snpmutator	4411953	4404911	4411953	4404911
18b	L2	natural	18b_mutated_7_L2	L2	snpmutator	4411953	4404911	4411953	4404911
18b	L2	natural	18b_mutated_8_L2	L2	snpmutator	4411953	4404911	4411953	4404911
18b	L2	natural	18b_mutated_9_L2	L2	snpmutator	4411953	4404911	4411953	4404911
18b	L2	natural	18b_mutated_10_L2	L2	snpmutator	4411953	4404911	4411953	4404911
18b	L2	natural	18b_mutated_11_L2	L2	snpmutator	4411953	4404911	4411953	4404911
18b	L2	natural	18b_mutated_12_L2	L2	snpmutator	4411953	4404911	4411953	4404911
18b	L2	natural	18b_mutated_13_L2	L2	snpmutator	4411953	4404911	4411953	4404911
18b	L2	natural	18b_mutated_14_L2	L2	snpmutator	4411953	4404911	4411953	4404911
18b	L2	natural	18b_mutated_15_L2	L2	snpmutator	4411953	4404911	4411953	4404911
18b	L2	natural	18b_mutated_16_L2	L2	snpmutator	4411953	4404911	4411953	4404911
18b	L2	natural	18b_mutated_17_L2	L2	snpmutator	4411953	4404911	4411953	4404911
18b	L2	natural	18b_mutated_18_L2	L2	snpmutator	4411953	4404911	4411953	4404911
18b	L2	natural	18b_mutated_19_L2	L2	snpmutator	4411953	4404911	4411953	4404911
18b	L2	natural	18b_mutated_20_L2	L2	snpmutator	4411953	4404911	4411953	4404911
18b	L2	natural	18b_mutated_21_L2	L2	snpmutator	4411953	4404911	4411953	4404911
18b	L2	natural	18b_mutated_22_L2	L2	snpmutator	4411953	4404911	4411953	4404911
18b	L2	natural	18b_mutated_23_L2	L2	snpmutator	4411953	4404911	4411953	4404911
18b	L2	natural	18b_mutated_24_L2	L2	snpmutator	4411953	4404911	4411953	4404911
18b	L2	natural	18b_mutated_25_L2	L2	snpmutator	4411953	4404911	4411953	4404911
18b	L2	natural	18b_mutated_26_L2	L2	snpmutator	4411953	4404911	4411953	4404911
18b	L2	natural	18b_mutated_27_L2	L2	snpmutator	4411953	4404911	4411953	4404911
18b	L2	natural	18b_mutated_28_L2	L2	snpmutator	4411953	4404911	4411953	4404911
18b	L2	natural	18b_mutated_29_L2	L2	snpmutator	4411953	4404911	4411953	4404911
18b	L2	natural	18b_mutated_30_L2	L2	snpmutator	4411953	4404911	4411953	4404911
18b	L2	natural	AF2122-97_mutated_1_bovis	bovis	snpmutator	4411953	4311056	4345492	4305776
18b	L2	natural	AF2122-97_mutated_2_bovis	bovis	snpmutator	4411953	4311056	4345492	4305738
18b	L2	natural	AF2122-97_mutated_3_bovis	bovis	snpmutator	4411953	4311118	4345492	4305776
18b	L2	natural	AF2122-97_mutated_4_bovis	bovis	snpmutator	4411953	4311022	4345492	4305776
18b	L2	natural	AF2122-97_mutated_5_bovis	bovis	snpmutator	4411953	4311073	4345492	4305776
18b	L2	natural	AF2122-97_mutated_6_bovis	bovis	snpmutator	4411953	4311056	4345492	4305775
18b	L2	natural	AF2122-97_mutated_7_bovis	bovis	snpmutator	4411953	4309702	4345492	4305775
18b	L2	natural	AF2122-97_mutated_8_bovis	bovis	snpmutator	4411953	4310914	4345492	4305774
18b	L2	natural	AF2122-97_mutated_9_bovis	bovis	snpmutator	4411953	4309702	4345492	4305779
18b	L2	natural	AF2122-97_mutated_10_bovis	bovis	snpmutator	4411953	4311056	4345492	4305625
18b	L2	natural	AF2122-97_mutated_11_bovis	bovis	snpmutator	4411953	4311056	4345492	4305775
18b	L2	natural	AF2122-97_mutated_12_bovis	bovis	snpmutator	4411953	4309700	4345492	4305753
18b	L2	natural	AF2122-97_mutated_13_bovis	bovis	snpmutator	4411953	4311056	4345492	4305777
18b	L2	natural	AF2122-97_mutated_14_bovis	bovis	snpmutator	4411953	4311056	4345492	4305776
18b	L2	natural	AF2122-97_mutated_15_bovis	bovis	snpmutator	4411953	4311056	4345492	4305775
18b	L2	natural	AF2122-97_mutated_16_bovis	bovis	snpmutator	4411953	4311056	4345492	4305624
18b	L2	natural	AF2122-97_mutated_17_bovis	bovis	snpmutator	4411953	4311056	4345492	4305693
18b	L2	natural	AF2122-97_mutated_18_bovis	bovis	snpmutator	4411953	4311056	4345492	4305777
18b	L2	natural	AF2122-97_mutated_19_bovis	bovis	snpmutator	4411953	4310953	4345492	4305777
18b	L2	natural	AF2122-97_mutated_20_bovis	bovis	snpmutator	4411953	4310860	4345492	4305774
18b	L2	natural	AF2122-97_mutated_21_bovis	bovis	snpmutator	4411953	4311046	4345492	4305776
18b	L2	natural	AF2122-97_mutated_22_bovis	bovis	snpmutator	4411953	4311015	4345492	4305776
18b	L2	natural	AF2122-97_mutated_23_bovis	bovis	snpmutator	4411953	4309721	4345492	4305792
18b	L2	natural	AF2122-97_mutated_24_bovis	bovis	snpmutator	4411953	4311049	4345492	4305625
18b	L2	natural	AF2122-97_mutated_25_bovis	bovis	snpmutator	4411953	4309599	4345492	4305774
18b	L2	natural	AF2122-97_mutated_26_bovis	bovis	snpmutator	4411953	4311056	4345492	4305708
18b	L2	natural	AF2122-97_mutated_27_bovis	bovis	snpmutator	4411953	4310565	4345492	4305792
18b	L2	natural	AF2122-97_mutated_28_bovis	bovis	snpmutator	4411953	4309704	4345492	4305791
18b	L2	natural	AF2122-97_mutated_29_bovis	bovis	snpmutator	4411953	4308347	4345492	4305775
18b	L2	natural	AF2122-97_mutated_30_bovis	bovis	snpmutator	4411953	4310994	4345492	4305777
18b	L2	natural	H37Rv_mutated_1_L4	L4	snpmutator	4411953	4376591	4411532	4383072
18b	L2	natural	H37Rv_mutated_2_L4	L4	snpmutator	4411953	4376589	4411532	4382841
18b	L2	natural	H37Rv_mutated_3_L4	L4	snpmutator	4411953	4376644	4411532	4383073
18b	L2	natural	H37Rv_mutated_4_L4	L4	snpmutator	4411953	4376515	4411532	4382811
18b	L2	natural	H37Rv_mutated_5_L4	L4	snpmutator	4411953	4376556	4411532	4383072
18b	L2	natural	H37Rv_mutated_6_L4	L4	snpmutator	4411953	4376591	4411532	4383072
18b	L2	natural	H37Rv_mutated_7_L4	L4	snpmutator	4411953	4375238	4411532	4382904
18b	L2	natural	H37Rv_mutated_8_L4	L4	snpmutator	4411953	4376488	4411532	4383071
18b	L2	natural	H37Rv_mutated_9_L4	L4	snpmutator	4411953	4375238	4411532	4383072
18b	L2	natural	H37Rv_mutated_10_L4	L4	snpmutator	4411953	4375238	4411532	4383072
18b	L2	natural	H37Rv_mutated_11_L4	L4	snpmutator	4411953	4376615	4411532	4383074
18b	L2	natural	H37Rv_mutated_12_L4	L4	snpmutator	4411953	4376603	4411532	4383072
18b	L2	natural	H37Rv_mutated_13_L4	L4	snpmutator	4411953	4375238	4411532	4381719
18b	L2	natural	H37Rv_mutated_14_L4	L4	snpmutator	4411953	4375244	4411532	4382998
18b	L2	natural	H37Rv_mutated_15_L4	L4	snpmutator	4411953	4376591	4411532	4383082
18b	L2	natural	H37Rv_mutated_16_L4	L4	snpmutator	4411953	4375234	4411532	4383072
18b	L2	natural	H37Rv_mutated_17_L4	L4	snpmutator	4411953	4376591	4411532	4383073
18b	L2	natural	H37Rv_mutated_18_L4	L4	snpmutator	4411953	4375235	4411532	4383073
18b	L2	natural	H37Rv_mutated_19_L4	L4	snpmutator	4411953	4376499	4411532	4383071
18b	L2	natural	H37Rv_mutated_20_L4	L4	snpmutator	4411953	4376591	4411532	4383069
18b	L2	natural	H37Rv_mutated_21_L4	L4	snpmutator	4411953	4376591	4411532	4383089
18b	L2	natural	H37Rv_mutated_22_L4	L4	snpmutator	4411953	4375236	4411532	4383027
18b	L2	natural	H37Rv_mutated_23_L4	L4	snpmutator	4411953	4376591	4411532	4381717
18b	L2	natural	H37Rv_mutated_24_L4	L4	snpmutator	4411953	4376591	4411532	4383074
18b	L2	natural	H37Rv_mutated_25_L4	L4	snpmutator	4411953	4376589	4411532	4383089
18b	L2	natural	H37Rv_mutated_26_L4	L4	snpmutator	4411953	4375238	4411532	4383073
18b	L2	natural	H37Rv_mutated_27_L4	L4	snpmutator	4411953	4376541	4411532	4383076
18b	L2	natural	H37Rv_mutated_28_L4	L4	snpmutator	4411953	4376591	4411532	4381335
18b	L2	natural	H37Rv_mutated_29_L4	L4	snpmutator	4411953	4376591	4411532	4383072
18b	L2	natural	H37Rv_mutated_30_L4	L4	snpmutator	4411953	4376488	4411532	4383072
18b	L2	natural	SV1_pop1_H1_L4	L4	maketube	4411953	4364304	4576638	4507485
18b	L2	natural	SV1_pop1_H10_L4	L4	maketube	4411953	4364302	4576621	4507473
18b	L2	natural	SV1_pop1_H2_L4	L4	maketube	4411953	4364304	4576649	4507500
18b	L2	natural	SV1_pop1_H3_L4	L4	maketube	4411953	4364304	4576642	4507493
18b	L2	natural	SV1_pop1_H4_L4	L4	maketube	4411953	4364304	4576651	4507502
18b	L2	natural	SV1_pop1_H5_L4	L4	maketube	4411953	4364304	4576629	4507477
18b	L2	natural	SV1_pop1_H6_L4	L4	maketube	4411953	4364304	4576629	4507477
18b	L2	natural	SV1_pop1_H7_L4	L4	maketube	4411953	4364304	4576628	4507480
18b	L2	natural	SV1_pop1_H8_L4	L4	maketube	4411953	4364304	4576633	4507484
18b	L2	natural	SV1_pop1_H9_L4	L4	maketube	4411953	4364304	4576629	4507480
18b	L2	natural	SV2_pop1_H1_L4	L4	maketube	4411953	4356184	4562582	4505912
18b	L2	natural	SV2_pop1_H10_L4	L4	maketube	4411953	4356110	4562585	4505905
18b	L2	natural	SV2_pop1_H2_L4	L4	maketube	4411953	4356184	4562582	4505912
18b	L2	natural	SV2_pop1_H3_L4	L4	maketube	4411953	4356184	4562587	4505916
18b	L2	natural	SV2_pop1_H4_L4	L4	maketube	4411953	4356184	4562604	4505934
18b	L2	natural	SV2_pop1_H5_L4	L4	maketube	4411953	4354830	4562572	4505916
18b	L2	natural	SV2_pop1_H6_L4	L4	maketube	4411953	4354830	4562572	4505900
18b	L2	natural	SV2_pop1_H7_L4	L4	maketube	4411953	4356184	4562578	4505907
18b	L2	natural	SV2_pop1_H8_L4	L4	maketube	4411953	4356184	4562582	4505911
18b	L2	natural	SV2_pop1_H9_L4	L4	maketube	4411953	4356299	4562566	4505896
18b	L2	natural	SV3_pop1_H1_L4	L4	maketube	4411953	4352825	4584853	4502574
18b	L2	natural	SV3_pop1_H10_L4	L4	maketube	4411953	4352722	4584801	4502522
18b	L2	natural	SV3_pop1_H2_L4	L4	maketube	4411953	4352825	4584846	4502567
18b	L2	natural	SV3_pop1_H3_L4	L4	maketube	4411953	4352825	4584845	4502567
18b	L2	natural	SV3_pop1_H4_L4	L4	maketube	4411953	4352825	4584848	4502568
18b	L2	natural	SV3_pop1_H5_L4	L4	maketube	4411953	4352825	4584832	4502553
18b	L2	natural	SV3_pop1_H6_L4	L4	maketube	4411953	4352825	4584819	4502540
18b	L2	natural	SV3_pop1_H7_L4	L4	maketube	4411953	4352825	4584835	4502556
18b	L2	natural	SV3_pop1_H8_L4	L4	maketube	4411953	4352825	4584827	4502548
18b	L2	natural	SV3_pop1_H9_L4	L4	maketube	4411953	4352722	4584816	4502537
18b	L2	natural	SV1_pop1_H1_bovis	bovis	maketube	4411953	4294582	4517436	4436736
18b	L2	natural	SV1_pop1_H10_bovis	bovis	maketube	4411953	4294582	4517463	4436764
18b	L2	natural	SV1_pop1_H2_bovis	bovis	maketube	4411953	4294582	4517458	4436759
18b	L2	natural	SV1_pop1_H3_bovis	bovis	maketube	4411953	4294582	4517479	4436780
18b	L2	natural	SV1_pop1_H4_bovis	bovis	maketube	4411953	4294582	4517468	4436769
18b	L2	natural	SV1_pop1_H5_bovis	bovis	maketube	4411953	4294582	4517470	4436771
18b	L2	natural	SV1_pop1_H6_bovis	bovis	maketube	4411953	4294582	4517466	4436767
18b	L2	natural	SV1_pop1_H7_bovis	bovis	maketube	4411953	4294582	4517466	4436767
18b	L2	natural	SV1_pop1_H8_bovis	bovis	maketube	4411953	4294582	4517470	4436771
18b	L2	natural	SV1_pop1_H9_bovis	bovis	maketube	4411953	4294582	4517474	4436775
18b	L2	natural	SV2_pop1_H1_bovis	bovis	maketube	4411953	4298843	4513675	4447609
18b	L2	natural	SV2_pop1_H10_bovis	bovis	maketube	4411953	4298835	4513686	4447617
18b	L2	natural	SV2_pop1_H2_bovis	bovis	maketube	4411953	4298843	4513676	4447606
18b	L2	natural	SV2_pop1_H3_bovis	bovis	maketube	4411953	4298843	4513673	4447607
18b	L2	natural	SV2_pop1_H4_bovis	bovis	maketube	4411953	4298843	4513665	4447599
18b	L2	natural	SV2_pop1_H5_bovis	bovis	maketube	4411953	4298843	4513681	4447615
18b	L2	natural	SV2_pop1_H6_bovis	bovis	maketube	4411953	4298843	4513672	4447606
18b	L2	natural	SV2_pop1_H7_bovis	bovis	maketube	4411953	4298843	4513684	4447620
18b	L2	natural	SV2_pop1_H8_bovis	bovis	maketube	4411953	4298835	4513689	4447620
18b	L2	natural	SV2_pop1_H9_bovis	bovis	maketube	4411953	4298835	4513687	4447618
18b	L2	natural	SV3_pop1_H1_bovis	bovis	maketube	4411953	4293100	4510364	4440783
18b	L2	natural	SV3_pop1_H10_bovis	bovis	maketube	4411953	4292997	4510346	4440764
18b	L2	natural	SV3_pop1_H2_bovis	bovis	maketube	4411953	4293100	4510363	4440782
18b	L2	natural	SV3_pop1_H3_bovis	bovis	maketube	4411953	4293100	4510359	4440778
18b	L2	natural	SV3_pop1_H4_bovis	bovis	maketube	4411953	4293100	4510365	4440784
18b	L2	natural	SV3_pop1_H5_bovis	bovis	maketube	4411953	4293100	4510360	4440779
18b	L2	natural	SV3_pop1_H6_bovis	bovis	maketube	4411953	4293100	4510364	4440783
18b	L2	natural	SV3_pop1_H7_bovis	bovis	maketube	4411953	4293100	4510352	4440774
18b	L2	natural	SV3_pop1_H8_bovis	bovis	maketube	4411953	4292997	4510354	4440772
18b	L2	natural	SV3_pop1_H9_bovis	bovis	maketube	4411953	4292997	4510356	4440774
18b	L2	natural	SV1_pop1_H1_L2	L2	maketube	4411953	4389082	4582245	4536586
18b	L2	natural	SV1_pop1_H10_L2	L2	maketube	4411953	4389082	4582225	4536565
18b	L2	natural	SV1_pop1_H2_L2	L2	maketube	4411953	4389082	4582230	4536570
18b	L2	natural	SV1_pop1_H3_L2	L2	maketube	4411953	4389082	4582232	4536572
18b	L2	natural	SV1_pop1_H4_L2	L2	maketube	4411953	4389082	4582203	4536542
18b	L2	natural	SV1_pop1_H5_L2	L2	maketube	4411953	4389082	4582209	4536549
18b	L2	natural	SV1_pop1_H6_L2	L2	maketube	4411953	4389082	4582214	4536554
18b	L2	natural	SV1_pop1_H7_L2	L2	maketube	4411953	4389082	4582234	4536574
18b	L2	natural	SV1_pop1_H8_L2	L2	maketube	4411953	4389082	4582224	4536564
18b	L2	natural	SV1_pop1_H9_L2	L2	maketube	4411953	4389082	4582223	4536563
18b	L2	natural	SV2_pop1_H1_L2	L2	maketube	4411953	4385032	4582931	4532481
18b	L2	natural	SV2_pop1_H10_L2	L2	maketube	4411953	4385032	4582998	4532543
18b	L2	natural	SV2_pop1_H2_L2	L2	maketube	4411953	4385032	4582926	4532476
18b	L2	natural	SV2_pop1_H3_L2	L2	maketube	4411953	4385032	4582962	4532512
18b	L2	natural	SV2_pop1_H4_L2	L2	maketube	4411953	4385032	4582961	4532511
18b	L2	natural	SV2_pop1_H5_L2	L2	maketube	4411953	4385032	4582958	4532508
18b	L2	natural	SV2_pop1_H6_L2	L2	maketube	4411953	4385032	4582938	4532488
18b	L2	natural	SV2_pop1_H7_L2	L2	maketube	4411953	4385032	4582946	4532498
18b	L2	natural	SV2_pop1_H8_L2	L2	maketube	4411953	4385032	4582945	4532497
18b	L2	natural	SV2_pop1_H9_L2	L2	maketube	4411953	4385032	4583001	4532546
18b	L2	natural	SV3_pop1_H1_L2	L2	maketube	4411953	4388486	4571133	4535963
18b	L2	natural	SV3_pop1_H10_L2	L2	maketube	4411953	4388486	4571142	4535970
18b	L2	natural	SV3_pop1_H2_L2	L2	maketube	4411953	4388486	4571118	4535951
18b	L2	natural	SV3_pop1_H3_L2	L2	maketube	4411953	4388486	4571138	4535966
18b	L2	natural	SV3_pop1_H4_L2	L2	maketube	4411953	4388486	4571142	4535972
18b	L2	natural	SV3_pop1_H5_L2	L2	maketube	4411953	4388486	4571145	4535975
18b	L2	natural	SV3_pop1_H6_L2	L2	maketube	4411953	4388486	4571148	4535978
18b	L2	natural	SV3_pop1_H7_L2	L2	maketube	4411953	4388486	4571133	4535961
18b	L2	natural	SV3_pop1_H8_L2	L2	maketube	4411953	4388486	4571130	4535958
18b	L2	natural	SV3_pop1_H9_L2	L2	maketube	4411953	4388486	4571127	4535955
AF2122-97	bovis	natural	01_R1134_L4	L4	natural	4345492	4320745	4406184	4340041
AF2122-97	bovis	natural	01_R1430_L4	L4	natural	4345492	4316451	4409225	4338002
AF2122-97	bovis	natural	02_R0894_L4	L4	natural	4345492	4316847	4422503	4348158
AF2122-97	bovis	natural	02_R1179_L4	L4	natural	4345492	4313764	4393775	4325752
AF2122-97	bovis	natural	02_R1708_L4	L4	natural	4345492	4321529	4427007	4352655
AF2122-97	bovis	natural	02_R1896_L4	L4	natural	4345492	4314314	4407304	4337561
AF2122-97	bovis	natural	I0004290_8_L4	L4	natural	4345492	4321306	4420979	4348600
AF2122-97	bovis	natural	M0010874_7_L4	L4	natural	4345492	4315303	4396361	4330462
AF2122-97	bovis	natural	M0011368_9_L4	L4	natural	4345492	4313240	4397821	4328596
AF2122-97	bovis	natural	M0014888_3_L4	L4	natural	4345492	4315403	4400005	4332740
AF2122-97	bovis	natural	M0016737_0_L4	L4	natural	4345492	4333137	4431508	4358885
AF2122-97	bovis	natural	M0017522_5_L4	L4	natural	4345492	4335120	4416715	4347404
AF2122-97	bovis	natural	Erdman_L4	L4	natural	4345492	4301060	4392353	4319497
AF2122-97	bovis	natural	F1_L4	L4	natural	4345492	4323050	4424435	4352737
AF2122-97	bovis	natural	CDC1551_L4	L4	natural	4345492	4331269	4406808	4340213
AF2122-97	bovis	natural	FDAARGOS_751_L1	L1	natural	4345492	4330453	4441988	4364429
AF2122-97	bovis	natural	MTBCR170001_L1	L1	natural	4345492	4335111	4424759	4352880
AF2122-97	bovis	natural	MTBCR170020_L1	L1	natural	4345492	4327855	4442985	4364152
AF2122-97	bovis	natural	W-148_L2	L2	natural	4345492	4304485	4418548	4343253
AF2122-97	bovis	natural	TCDC10_L2	L2	natural	4345492	4300005	4419577	4339399
AF2122-97	bovis	natural	TCDC11_L2	L2	natural	4345492	4302955	4418417	4343097
AF2122-97	bovis	natural	TCDC7_L2	L2	natural	4345492	4299683	4641184	4562759
AF2122-97	bovis	natural	BCG_Pasteur_bovis	bovis	natural	4345492	4302876	4374522	4370082
AF2122-97	bovis	natural	L5_Benin_L5	L5	natural	4345492	4328043	4438262	4363941
AF2122-97	bovis	natural	18b_mutated_1_L2	L2	snpmutator	4345492	4299359	4411953	4328359
AF2122-97	bovis	natural	18b_mutated_2_L2	L2	snpmutator	4345492	4299401	4411953	4328350
AF2122-97	bovis	natural	18b_mutated_3_L2	L2	snpmutator	4345492	4299308	4411953	4328532
AF2122-97	bovis	natural	18b_mutated_4_L2	L2	snpmutator	4345492	4299403	4411953	4328428
AF2122-97	bovis	natural	18b_mutated_5_L2	L2	snpmutator	4345492	4299403	4411953	4328411
AF2122-97	bovis	natural	18b_mutated_6_L2	L2	snpmutator	4345492	4299473	4411953	4328304
AF2122-97	bovis	natural	18b_mutated_7_L2	L2	snpmutator	4345492	4299420	4411953	4328350
AF2122-97	bovis	natural	18b_mutated_8_L2	L2	snpmutator	4345492	4299275	4411953	4328462
AF2122-97	bovis	natural	18b_mutated_9_L2	L2	snpmutator	4345492	4299264	4411953	4328517
AF2122-97	bovis	natural	18b_mutated_10_L2	L2	snpmutator	4345492	4299472	4411953	4328464
AF2122-97	bovis	natural	18b_mutated_11_L2	L2	snpmutator	4345492	4299401	4411953	4328429
AF2122-97	bovis	natural	18b_mutated_12_L2	L2	snpmutator	4345492	4299403	4411953	4328350
AF2122-97	bovis	natural	18b_mutated_13_L2	L2	snpmutator	4345492	4299403	4411953	4328415
AF2122-97	bovis	natural	18b_mutated_14_L2	L2	snpmutator	4345492	4299403	4411953	4328408
AF2122-97	bovis	natural	18b_mutated_15_L2	L2	snpmutator	4345492	4299403	4411953	4328349
AF2122-97	bovis	natural	18b_mutated_16_L2	L2	snpmutator	4345492	4299400	4411953	4328300
AF2122-97	bovis	natural	18b_mutated_17_L2	L2	snpmutator	4345492	4299403	4411953	4328431
AF2122-97	bovis	natural	18b_mutated_18_L2	L2	snpmutator	4345492	4299403	4411953	4328368
AF2122-97	bovis	natural	18b_mutated_19_L2	L2	snpmutator	4345492	4299403	4411953	4328488
AF2122-97	bovis	natural	18b_mutated_20_L2	L2	snpmutator	4345492	4299403	4411953	4328429
AF2122-97	bovis	natural	18b_mutated_21_L2	L2	snpmutator	4345492	4299403	4411953	4328415
AF2122-97	bovis	natural	18b_mutated_22_L2	L2	snpmutator	4345492	4299472	4411953	4328430
AF2122-97	bovis	natural	18b_mutated_23_L2	L2	snpmutator	4345492	4299248	4411953	4328365
AF2122-97	bovis	natural	18b_mutated_24_L2	L2	snpmutator	4345492	4299308	4411953	4328396
AF2122-97	bovis	natural	18b_mutated_25_L2	L2	snpmutator	4345492	4299403	4411953	4328421
AF2122-97	bovis	natural	18b_mutated_26_L2	L2	snpmutator	4345492	4299904	4411953	4328277
AF2122-97	bovis	natural	18b_mutated_27_L2	L2	snpmutator	4345492	4299403	4411953	4328273
AF2122-97	bovis	natural	18b_mutated_28_L2	L2	snpmutator	4345492	4299398	4411953	4328480
AF2122-97	bovis	natural	18b_mutated_29_L2	L2	snpmutator	4345492	4299364	4411953	4328351
AF2122-97	bovis	natural	18b_mutated_30_L2	L2	snpmutator	4345492	4299279	4411953	4328353
AF2122-97	bovis	natural	AF2122-97_mutated_1_bovis	bovis	snpmutator	4345492	4345492	4345492	4345492
AF2122-97	bovis	natural	AF2122-97_mutated_2_bovis	bovis	snpmutator	4345492	4345492	4345492	4345492
AF2122-97	bovis	natural	AF2122-97_mutated_3_bovis	bovis	snpmutator	4345492	4345492	4345492	4345492
AF2122-97	bovis	natural	AF2122-97_mutated_4_bovis	bovis	snpmutator	4345492	4345492	4345492	4345492
AF2122-97	bovis	natural	AF2122-97_mutated_5_bovis	bovis	snpmutator	4345492	4345492	4345492	4345492
AF2122-97	bovis	natural	AF2122-97_mutated_6_bovis	bovis	snpmutator	4345492	4345492	4345492	4345492
AF2122-97	bovis	natural	AF2122-97_mutated_7_bovis	bovis	snpmutator	4345492	4345492	4345492	4345492
AF2122-97	bovis	natural	AF2122-97_mutated_8_bovis	bovis	snpmutator	4345492	4345492	4345492	4345492
AF2122-97	bovis	natural	AF2122-97_mutated_9_bovis	bovis	snpmutator	4345492	4345492	4345492	4345492
AF2122-97	bovis	natural	AF2122-97_mutated_10_bovis	bovis	snpmutator	4345492	4345492	4345492	4345492
AF2122-97	bovis	natural	AF2122-97_mutated_11_bovis	bovis	snpmutator	4345492	4345492	4345492	4345492
AF2122-97	bovis	natural	AF2122-97_mutated_12_bovis	bovis	snpmutator	4345492	4345492	4345492	4345492
AF2122-97	bovis	natural	AF2122-97_mutated_13_bovis	bovis	snpmutator	4345492	4345492	4345492	4345492
AF2122-97	bovis	natural	AF2122-97_mutated_14_bovis	bovis	snpmutator	4345492	4345492	4345492	4345492
AF2122-97	bovis	natural	AF2122-97_mutated_15_bovis	bovis	snpmutator	4345492	4345492	4345492	4345492
AF2122-97	bovis	natural	AF2122-97_mutated_16_bovis	bovis	snpmutator	4345492	4345492	4345492	4345492
AF2122-97	bovis	natural	AF2122-97_mutated_17_bovis	bovis	snpmutator	4345492	4345492	4345492	4345492
AF2122-97	bovis	natural	AF2122-97_mutated_18_bovis	bovis	snpmutator	4345492	4345492	4345492	4345492
AF2122-97	bovis	natural	AF2122-97_mutated_19_bovis	bovis	snpmutator	4345492	4345492	4345492	4345492
AF2122-97	bovis	natural	AF2122-97_mutated_20_bovis	bovis	snpmutator	4345492	4345492	4345492	4345492
AF2122-97	bovis	natural	AF2122-97_mutated_21_bovis	bovis	snpmutator	4345492	4345492	4345492	4345492
AF2122-97	bovis	natural	AF2122-97_mutated_22_bovis	bovis	snpmutator	4345492	4345492	4345492	4345492
AF2122-97	bovis	natural	AF2122-97_mutated_23_bovis	bovis	snpmutator	4345492	4345492	4345492	4345492
AF2122-97	bovis	natural	AF2122-97_mutated_24_bovis	bovis	snpmutator	4345492	4345492	4345492	4345492
AF2122-97	bovis	natural	AF2122-97_mutated_25_bovis	bovis	snpmutator	4345492	4345492	4345492	4345492
AF2122-97	bovis	natural	AF2122-97_mutated_26_bovis	bovis	snpmutator	4345492	4345492	4345492	4345492
AF2122-97	bovis	natural	AF2122-97_mutated_27_bovis	bovis	snpmutator	4345492	4345492	4345492	4345492
AF2122-97	bovis	natural	AF2122-97_mutated_28_bovis	bovis	snpmutator	4345492	4345492	4345492	4345492
AF2122-97	bovis	natural	AF2122-97_mutated_29_bovis	bovis	snpmutator	4345492	4345492	4345492	4345492
AF2122-97	bovis	natural	AF2122-97_mutated_30_bovis	bovis	snpmutator	4345492	4345492	4345492	4345492
AF2122-97	bovis	natural	H37Rv_mutated_1_L4	L4	snpmutator	4345492	4315913	4411532	4342253
AF2122-97	bovis	natural	H37Rv_mutated_2_L4	L4	snpmutator	4345492	4315668	4411532	4342253
AF2122-97	bovis	natural	H37Rv_mutated_3_L4	L4	snpmutator	4345492	4315879	4411532	4342250
AF2122-97	bovis	natural	H37Rv_mutated_4_L4	L4	snpmutator	4345492	4315831	4411532	4342250
AF2122-97	bovis	natural	H37Rv_mutated_5_L4	L4	snpmutator	4345492	4315982	4411532	4342252
AF2122-97	bovis	natural	H37Rv_mutated_6_L4	L4	snpmutator	4345492	4316051	4411532	4342251
AF2122-97	bovis	natural	H37Rv_mutated_7_L4	L4	snpmutator	4345492	4315982	4411532	4342249
AF2122-97	bovis	natural	H37Rv_mutated_8_L4	L4	snpmutator	4345492	4315982	4411532	4342252
AF2122-97	bovis	natural	H37Rv_mutated_9_L4	L4	snpmutator	4345492	4315982	4411532	4342251
AF2122-97	bovis	natural	H37Rv_mutated_10_L4	L4	snpmutator	4345492	4315982	4411532	4342251
AF2122-97	bovis	natural	H37Rv_mutated_11_L4	L4	snpmutator	4345492	4315770	4411532	4342391
AF2122-97	bovis	natural	H37Rv_mutated_12_L4	L4	snpmutator	4345492	4315982	4411532	4342250
AF2122-97	bovis	natural	H37Rv_mutated_13_L4	L4	snpmutator	4345492	4315815	4411532	4342250
AF2122-97	bovis	natural	H37Rv_mutated_14_L4	L4	snpmutator	4345492	4315876	4411532	4342248
AF2122-97	bovis	natural	H37Rv_mutated_15_L4	L4	snpmutator	4345492	4315982	4411532	4342250
AF2122-97	bovis	natural	H37Rv_mutated_16_L4	L4	snpmutator	4345492	4315982	4411532	4342251
AF2122-97	bovis	natural	H37Rv_mutated_17_L4	L4	snpmutator	4345492	4315982	4411532	4342249
AF2122-97	bovis	natural	H37Rv_mutated_18_L4	L4	snpmutator	4345492	4316055	4411532	4342251
AF2122-97	bovis	natural	H37Rv_mutated_19_L4	L4	snpmutator	4345492	4316016	4411532	4342252
AF2122-97	bovis	natural	H37Rv_mutated_20_L4	L4	snpmutator	4345492	4315982	4411532	4342250
AF2122-97	bovis	natural	H37Rv_mutated_21_L4	L4	snpmutator	4345492	4315982	4411532	4342250
AF2122-97	bovis	natural	H37Rv_mutated_22_L4	L4	snpmutator	4345492	4315982	4411532	4342252
AF2122-97	bovis	natural	H37Rv_mutated_23_L4	L4	snpmutator	4345492	4315982	4411532	4342177
AF2122-97	bovis	natural	H37Rv_mutated_24_L4	L4	snpmutator	4345492	4315814	4411532	4342037
AF2122-97	bovis	natural	H37Rv_mutated_25_L4	L4	snpmutator	4345492	4315982	4411532	4342250
AF2122-97	bovis	natural	H37Rv_mutated_26_L4	L4	snpmutator	4345492	4315834	4411532	4342249
AF2122-97	bovis	natural	H37Rv_mutated_27_L4	L4	snpmutator	4345492	4315829	4411532	4342250
AF2122-97	bovis	natural	H37Rv_mutated_28_L4	L4	snpmutator	4345492	4315831	4411532	4342250
AF2122-97	bovis	natural	H37Rv_mutated_29_L4	L4	snpmutator	4345492	4316095	4411532	4342252
AF2122-97	bovis	natural	H37Rv_mutated_30_L4	L4	snpmutator	4345492	4315982	4411532	4342249
AF2122-97	bovis	natural	SV1_pop1_H1_L4	L4	maketube	4345492	4311819	4576638	4480766
AF2122-97	bovis	natural	SV1_pop1_H10_L4	L4	maketube	4345492	4311819	4576621	4480758
AF2122-97	bovis	natural	SV1_pop1_H2_L4	L4	maketube	4345492	4311819	4576649	4480780
AF2122-97	bovis	natural	SV1_pop1_H3_L4	L4	maketube	4345492	4311819	4576642	4480773
AF2122-97	bovis	natural	SV1_pop1_H4_L4	L4	maketube	4345492	4311819	4576651	4480783
AF2122-97	bovis	natural	SV1_pop1_H5_L4	L4	maketube	4345492	4311819	4576629	4480758
AF2122-97	bovis	natural	SV1_pop1_H6_L4	L4	maketube	4345492	4311819	4576629	4480758
AF2122-97	bovis	natural	SV1_pop1_H7_L4	L4	maketube	4345492	4311828	4576628	4480761
AF2122-97	bovis	natural	SV1_pop1_H8_L4	L4	maketube	4345492	4311819	4576633	4480765
AF2122-97	bovis	natural	SV1_pop1_H9_L4	L4	maketube	4345492	4311819	4576629	4480761
AF2122-97	bovis	natural	SV2_pop1_H1_L4	L4	maketube	4345492	4303574	4562582	4466337
AF2122-97	bovis	natural	SV2_pop1_H10_L4	L4	maketube	4345492	4303698	4562585	4466342
AF2122-97	bovis	natural	SV2_pop1_H2_L4	L4	maketube	4345492	4303574	4562582	4466338
AF2122-97	bovis	natural	SV2_pop1_H3_L4	L4	maketube	4345492	4303574	4562587	4466345
AF2122-97	bovis	natural	SV2_pop1_H4_L4	L4	maketube	4345492	4303574	4562604	4466358
AF2122-97	bovis	natural	SV2_pop1_H5_L4	L4	maketube	4345492	4303574	4562572	4466328
AF2122-97	bovis	natural	SV2_pop1_H6_L4	L4	maketube	4345492	4303574	4562572	4466328
AF2122-97	bovis	natural	SV2_pop1_H7_L4	L4	maketube	4345492	4303698	4562578	4466393
AF2122-97	bovis	natural	SV2_pop1_H8_L4	L4	maketube	4345492	4303698	4562582	4466397
AF2122-97	bovis	natural	SV2_pop1_H9_L4	L4	maketube	4345492	4303592	4562566	4466322
AF2122-97	bovis	natural	SV3_pop1_H1_L4	L4	maketube	4345492	4300346	4584853	4475554
AF2122-97	bovis	natural	SV3_pop1_H10_L4	L4	maketube	4345492	4300346	4584801	4475503
AF2122-97	bovis	natural	SV3_pop1_H2_L4	L4	maketube	4345492	4300346	4584846	4475547
AF2122-97	bovis	natural	SV3_pop1_H3_L4	L4	maketube	4345492	4300346	4584845	4475547
AF2122-97	bovis	natural	SV3_pop1_H4_L4	L4	maketube	4345492	4300346	4584848	4475549
AF2122-97	bovis	natural	SV3_pop1_H5_L4	L4	maketube	4345492	4300346	4584832	4475533
AF2122-97	bovis	natural	SV3_pop1_H6_L4	L4	maketube	4345492	4300346	4584819	4475542
AF2122-97	bovis	natural	SV3_pop1_H7_L4	L4	maketube	4345492	4300346	4584835	4475537
AF2122-97	bovis	natural	SV3_pop1_H8_L4	L4	maketube	4345492	4300380	4584827	4475529
AF2122-97	bovis	natural	SV3_pop1_H9_L4	L4	maketube	4345492	4300346	4584816	4475518
AF2122-97	bovis	natural	SV1_pop1_H1_bovis	bovis	maketube	4345492	4333083	4517436	4480102
AF2122-97	bovis	natural	SV1_pop1_H10_bovis	bovis	maketube	4345492	4333083	4517463	4480130
AF2122-97	bovis	natural	SV1_pop1_H2_bovis	bovis	maketube	4345492	4333083	4517458	4480125
AF2122-97	bovis	natural	SV1_pop1_H3_bovis	bovis	maketube	4345492	4333083	4517479	4480146
AF2122-97	bovis	natural	SV1_pop1_H4_bovis	bovis	maketube	4345492	4333083	4517468	4480135
AF2122-97	bovis	natural	SV1_pop1_H5_bovis	bovis	maketube	4345492	4333083	4517470	4480137
AF2122-97	bovis	natural	SV1_pop1_H6_bovis	bovis	maketube	4345492	4333083	4517466	4480133
AF2122-97	bovis	natural	SV1_pop1_H7_bovis	bovis	maketube	4345492	4333083	4517466	4480133
AF2122-97	bovis	natural	SV1_pop1_H8_bovis	bovis	maketube	4345492	4333083	4517470	4480137
AF2122-97	bovis	natural	SV1_pop1_H9_bovis	bovis	maketube	4345492	4333083	4517474	4480141
AF2122-97	bovis	natural	SV2_pop1_H1_bovis	bovis	maketube	4345492	4337339	4513675	4487331
AF2122-97	bovis	natural	SV2_pop1_H10_bovis	bovis	maketube	4345492	4337339	4513686	4487342
AF2122-97	bovis	natural	SV2_pop1_H2_bovis	bovis	maketube	4345492	4337339	4513676	4487332
AF2122-97	bovis	natural	SV2_pop1_H3_bovis	bovis	maketube	4345492	4337339	4513673	4487329
AF2122-97	bovis	natural	SV2_pop1_H4_bovis	bovis	maketube	4345492	4337339	4513665	4487321
AF2122-97	bovis	natural	SV2_pop1_H5_bovis	bovis	maketube	4345492	4337339	4513681	4487337
AF2122-97	bovis	natural	SV2_pop1_H6_bovis	bovis	maketube	4345492	4337339	4513672	4487328
AF2122-97	bovis	natural	SV2_pop1_H7_bovis	bovis	maketube	4345492	4337339	4513684	4487340
AF2122-97	bovis	natural	SV2_pop1_H8_bovis	bovis	maketube	4345492	4337339	4513689	4487345
AF2122-97	bovis	natural	SV2_pop1_H9_bovis	bovis	maketube	4345492	4337339	4513687	4487343
AF2122-97	bovis	natural	SV3_pop1_H1_bovis	bovis	maketube	4345492	4331596	4510364	4480864
AF2122-97	bovis	natural	SV3_pop1_H10_bovis	bovis	maketube	4345492	4331596	4510346	4480846
AF2122-97	bovis	natural	SV3_pop1_H2_bovis	bovis	maketube	4345492	4331596	4510363	4480863
AF2122-97	bovis	natural	SV3_pop1_H3_bovis	bovis	maketube	4345492	4331596	4510359	4480859
AF2122-97	bovis	natural	SV3_pop1_H4_bovis	bovis	maketube	4345492	4331596	4510365	4480865
AF2122-97	bovis	natural	SV3_pop1_H5_bovis	bovis	maketube	4345492	4331596	4510360	4480860
AF2122-97	bovis	natural	SV3_pop1_H6_bovis	bovis	maketube	4345492	4331596	4510364	4480864
AF2122-97	bovis	natural	SV3_pop1_H7_bovis	bovis	maketube	4345492	4331596	4510352	4480854
AF2122-97	bovis	natural	SV3_pop1_H8_bovis	bovis	maketube	4345492	4331596	4510354	4480854
AF2122-97	bovis	natural	SV3_pop1_H9_bovis	bovis	maketube	4345492	4331596	4510356	4480856
AF2122-97	bovis	natural	SV1_pop1_H1_L2	L2	maketube	4345492	4287342	4582245	4464029
AF2122-97	bovis	natural	SV1_pop1_H10_L2	L2	maketube	4345492	4287378	4582225	4464154
AF2122-97	bovis	natural	SV1_pop1_H2_L2	L2	maketube	4345492	4287392	4582230	4464035
AF2122-97	bovis	natural	SV1_pop1_H3_L2	L2	maketube	4345492	4287392	4582232	4464037
AF2122-97	bovis	natural	SV1_pop1_H4_L2	L2	maketube	4345492	4287378	4582203	4464098
AF2122-97	bovis	natural	SV1_pop1_H5_L2	L2	maketube	4345492	4287378	4582209	4464015
AF2122-97	bovis	natural	SV1_pop1_H6_L2	L2	maketube	4345492	4287378	4582214	4464020
AF2122-97	bovis	natural	SV1_pop1_H7_L2	L2	maketube	4345492	4287378	4582234	4464039
AF2122-97	bovis	natural	SV1_pop1_H8_L2	L2	maketube	4345492	4287378	4582224	4464029
AF2122-97	bovis	natural	SV1_pop1_H9_L2	L2	maketube	4345492	4287378	4582223	4464028
AF2122-97	bovis	natural	SV2_pop1_H1_L2	L2	maketube	4345492	4283280	4582931	4460593
AF2122-97	bovis	natural	SV2_pop1_H10_L2	L2	maketube	4345492	4283271	4582998	4460653
AF2122-97	bovis	natural	SV2_pop1_H2_L2	L2	maketube	4345492	4283280	4582926	4460589
AF2122-97	bovis	natural	SV2_pop1_H3_L2	L2	maketube	4345492	4283282	4582962	4460626
AF2122-97	bovis	natural	SV2_pop1_H4_L2	L2	maketube	4345492	4283282	4582961	4460625
AF2122-97	bovis	natural	SV2_pop1_H5_L2	L2	maketube	4345492	4283282	4582958	4460622
AF2122-97	bovis	natural	SV2_pop1_H6_L2	L2	maketube	4345492	4283282	4582938	4460602
AF2122-97	bovis	natural	SV2_pop1_H7_L2	L2	maketube	4345492	4283282	4582946	4460612
AF2122-97	bovis	natural	SV2_pop1_H8_L2	L2	maketube	4345492	4283282	4582945	4460611
AF2122-97	bovis	natural	SV2_pop1_H9_L2	L2	maketube	4345492	4283116	4583001	4460655
AF2122-97	bovis	natural	SV3_pop1_H1_L2	L2	maketube	4345492	4286744	4571133	4465131
AF2122-97	bovis	natural	SV3_pop1_H10_L2	L2	maketube	4345492	4286794	4571142	4465138
AF2122-97	bovis	natural	SV3_pop1_H2_L2	L2	maketube	4345492	4286794	4571118	4465120
AF2122-97	bovis	natural	SV3_pop1_H3_L2	L2	maketube	4345492	4286794	4571138	4465134
AF2122-97	bovis	natural	SV3_pop1_H4_L2	L2	maketube	4345492	4286794	4571142	4465141
AF2122-97	bovis	natural	SV3_pop1_H5_L2	L2	maketube	4345492	4286794	4571145	4465142
AF2122-97	bovis	natural	SV3_pop1_H6_L2	L2	maketube	4345492	4286794	4571148	4465146
AF2122-97	bovis	natural	SV3_pop1_H7_L2	L2	maketube	4345492	4286794	4571133	4465129
AF2122-97	bovis	natural	SV3_pop1_H8_L2	L2	maketube	4345492	4286794	4571130	4465126
AF2122-97	bovis	natural	SV3_pop1_H9_L2	L2	maketube	4345492	4286794	4571127	4465123
